<?xml version="1.0" encoding="ISO-8859-1"?>
<!--
  ~ Licensed to the Apache Software Foundation (ASF) under one
  ~ or more contributor license agreements.  See the NOTICE file
  ~ distributed with this work for additional information
  ~ regarding copyright ownership.  The ASF licenses this file
  ~ to you under the Apache License, Version 2.0 (the
  ~ "License"); you may not use this file except in compliance
  ~ with the License.  You may obtain a copy of the License at
  ~
  ~ http://www.apache.org/licenses/LICENSE-2.0
  ~
  ~ Unless required by applicable law or agreed to in writing,
  ~ software distributed under the License is distributed on an
  ~ "AS IS" BASIS, WITHOUT WARRANTIES OR CONDITIONS OF ANY
  ~ KIND, either express or implied.  See the License for the
  ~ specific language governing permissions and limitations
  ~ under the License.
-->

<project xmlns="http://maven.apache.org/DECORATION/1.0.0"
  xmlns:xsi="http://www.w3.org/2001/XMLSchema-instance"
  xsi:schemaLocation="http://maven.apache.org/DECORATION/1.0.0 http://maven.apache.org/xsd/decoration-1.0.0.xsd"
  name="Maven SCM plugin">

  <body>
    <menu name="Overview">
      <item name="Introduction" href="index.html"/>
      <item name="Goals" href="plugin-info.html"/>
      <item name="Usage" href="usage.html"/>
      <!-- item name="FAQ" href="faq.html" / -->
      <item name="Release Notes" href="jira-report.html"/>
    </menu>

    <menu name="Examples">
      <item name="Bootstrapping a Project Using a POM" href="examples/bootstrapping-with-pom.html"/>
      <item name="Other SCM Commands" href="examples/scm-advance-features.html"/>
    </menu>

    <menu name="Quick Links">
      <item name="Maven SCM Home" href="http://maven.apache.org/scm/"/>
      <item name="SCM URL Format" href="http://maven.apache.org/scm/scm-url-format.html"/>
    </menu>

    <menu ref="reports"/>
  </body>
</project>
